ID_ejercicio,título,tipo,número,resumen_enunciado,archivo_origen,ruta_origen,página_or_slide,archivo_exportado,hash_exportado,fecha_extracción
Plantilla Ayudantias_8rnZ5Ii1x29TaERxnNac_Ej1,Ejercicio 1,ejercicio,1,"Lorem ipsum dolor sit amet, consectetuer adipiscin...",Plantilla Ayudantias_8rnZ5Ii1x29TaERxnNac.pdf,exports/downloads/Todos los ramos/Plantilla Ayudantias_8rnZ5Ii1x29TaERxnNac.pdf,1,Ej_1_Plantilla Ayudantias_8rnZ5Ii1x29TaERxnNac_Ej1.md,731e64a81f633a316c728a7c433d943ec50fa3857d8226370b507794370b69d5,2025-12-08T20:18:01.718Z
Plantilla Ayudantias_8rnZ5Ii1x29TaERxnNac_Ej2,Ejercicio 2,ejercicio,2,...,Plantilla Ayudantias_8rnZ5Ii1x29TaERxnNac.pdf,exports/downloads/Todos los ramos/Plantilla Ayudantias_8rnZ5Ii1x29TaERxnNac.pdf,1,Ej_2_Plantilla Ayudantias_8rnZ5Ii1x29TaERxnNac_Ej2.md,e3b0c44298fc1c149afbf4c8996fb92427ae41e4649b934ca495991b7852b855,2025-12-08T20:18:01.719Z
Plantilla Ayudantias_8rnZ5Ii1x29TaERxnNac_Ej3,Ejercicio 3,ejercicio,3,00-00-0000   AAA0000 – Ayudant´ ıa 00   P´ agina 1...,Plantilla Ayudantias_8rnZ5Ii1x29TaERxnNac.pdf,exports/downloads/Todos los ramos/Plantilla Ayudantias_8rnZ5Ii1x29TaERxnNac.pdf,1,Ej_3_Plantilla Ayudantias_8rnZ5Ii1x29TaERxnNac_Ej3.md,a2f0fcb835d55de9a60fd6a6b5928fb36ea4e5d44101abe02872d5b55e5ddfad,2025-12-08T20:18:01.719Z
Calendario de Actividades Academicas y Estudiantiles_0y12SOrH3u11QcFss8cJ_Full,Documento Completo,material,1,--- Page 1 --- Fecha: 11 de noviembre de 2025  Fec...,Calendario de Actividades Academicas y Estudiantiles_0y12SOrH3u11QcFss8cJ.pdf,exports/downloads/Todos los ramos/Calendario de Actividades Academicas y Estudiantiles_0y12SOrH3u11QcFss8cJ.pdf,1,Ej_1_Calendario de Actividades Academicas y Estudiantiles_0y12SOrH3u11QcFss8cJ_Full.md,dd6b5ccb13071c978e2ad922f66fced189ca026a9801fe60108cf34fc2bbd4f4,2025-12-08T20:18:40.863Z
Plantilla Ayudantias_8rnZ5Ii1x29TaERxnNac_Ej1,Ejercicio 1,ejercicio,1,"Lorem ipsum dolor sit amet, consectetuer adipiscin...",Plantilla Ayudantias_8rnZ5Ii1x29TaERxnNac.pdf,exports/downloads/Todos los ramos/Plantilla Ayudantias_8rnZ5Ii1x29TaERxnNac.pdf,1,Ej_1_Plantilla Ayudantias_8rnZ5Ii1x29TaERxnNac_Ej1.md,731e64a81f633a316c728a7c433d943ec50fa3857d8226370b507794370b69d5,2025-12-08T20:18:40.889Z
Plantilla Ayudantias_8rnZ5Ii1x29TaERxnNac_Ej3,Ejercicio 3,ejercicio,3,00-00-0000   AAA0000 – Ayudant´ ıa 00   P´ agina 1...,Plantilla Ayudantias_8rnZ5Ii1x29TaERxnNac.pdf,exports/downloads/Todos los ramos/Plantilla Ayudantias_8rnZ5Ii1x29TaERxnNac.pdf,1,Ej_3_Plantilla Ayudantias_8rnZ5Ii1x29TaERxnNac_Ej3.md,a2f0fcb835d55de9a60fd6a6b5928fb36ea4e5d44101abe02872d5b55e5ddfad,2025-12-08T20:18:40.889Z
Plantilla Informes 1_q5x4qVrtLrs2SAeuWejk_Full,Documento Completo,material,1,--- Page 1 --- PONTIFICIA UNIVERSIDAD CATÓLICA DE ...,Plantilla Informes 1_q5x4qVrtLrs2SAeuWejk.pdf,exports/downloads/Todos los ramos/Plantilla Informes 1_q5x4qVrtLrs2SAeuWejk.pdf,1,Ej_1_Plantilla Informes 1_q5x4qVrtLrs2SAeuWejk_Full.md,6eef41b58cd4db69b7b08cf61e028beb149cf3fe8d2e95d7048d7fb8d8a7cba7,2025-12-08T20:18:40.920Z
Plantilla Practica 1_Zu0GHuvPqedzv9XtyEQx_Ej1,Ejercicio 1,ejercicio,1,TUTORIAL: Imágenes 1.1.   Imagen centrada  En esta...,Plantilla Practica 1_Zu0GHuvPqedzv9XtyEQx.pdf,exports/downloads/Todos los ramos/Plantilla Practica 1_Zu0GHuvPqedzv9XtyEQx.pdf,6,Ej_1_Plantilla Practica 1_Zu0GHuvPqedzv9XtyEQx_Ej1.md,17f56d207d95a82d09a14cafd3acb6b61745174464a40abcdef5538a53847277,2025-12-08T20:18:40.952Z
Plantilla Practica 1_Zu0GHuvPqedzv9XtyEQx_Ej2,Ejercicio 2,ejercicio,2,TUTORIAL: Tablas  Hacer tablas en L A T E Xes muy ...,Plantilla Practica 1_Zu0GHuvPqedzv9XtyEQx.pdf,exports/downloads/Todos los ramos/Plantilla Practica 1_Zu0GHuvPqedzv9XtyEQx.pdf,7,Ej_2_Plantilla Practica 1_Zu0GHuvPqedzv9XtyEQx_Ej2.md,2be181522d52e8e25a6686eb0cb915bb34f1223865a3bf1b6fe6c95991233b86,2025-12-08T20:18:40.953Z
Plantilla Practica 1_Zu0GHuvPqedzv9XtyEQx_Ej3,Ejercicio 3,ejercicio,3,TUTORIAL: Citación  Para citación extensa en forma...,Plantilla Practica 1_Zu0GHuvPqedzv9XtyEQx.pdf,exports/downloads/Todos los ramos/Plantilla Practica 1_Zu0GHuvPqedzv9XtyEQx.pdf,9,Ej_3_Plantilla Practica 1_Zu0GHuvPqedzv9XtyEQx_Ej3.md,cea48c26bd082587a0befbfa15bb22d538ff1c5ce44df9144d5954fb6e6bac84,2025-12-08T20:18:40.953Z
Plantilla Practica 1_Zu0GHuvPqedzv9XtyEQx_Ej5,Ejercicio 5,ejercicio,5,Descripción general y estructura de la empresa 5.1...,Plantilla Practica 1_Zu0GHuvPqedzv9XtyEQx.pdf,exports/downloads/Todos los ramos/Plantilla Practica 1_Zu0GHuvPqedzv9XtyEQx.pdf,12,Ej_5_Plantilla Practica 1_Zu0GHuvPqedzv9XtyEQx_Ej5.md,6e4866ce1dfc7db04c990b7963b8887b7731396f6a6659057fea1593f82370cd,2025-12-08T20:18:40.953Z
Plantilla Practica 1_Zu0GHuvPqedzv9XtyEQx_Ej12,Ejercicio 12,ejercicio,12,Referencias bibliográficas  12...,Plantilla Practica 1_Zu0GHuvPqedzv9XtyEQx.pdf,exports/downloads/Todos los ramos/Plantilla Practica 1_Zu0GHuvPqedzv9XtyEQx.pdf,13,Ej_12_Plantilla Practica 1_Zu0GHuvPqedzv9XtyEQx_Ej12.md,474f9e4b1a8f9edf23e1377f0d1fb7ade8b99ee9db54b133abab8f456adab888,2025-12-08T20:18:40.954Z
Plantilla Programa de Cursos_l8Xx4WAlT7WL904Zd1xY_Full,Documento Completo,material,1,--- Page 1 --- Programa del Curso ICS1513 - Introd...,Plantilla Programa de Cursos_l8Xx4WAlT7WL904Zd1xY.pdf,exports/downloads/Todos los ramos/Plantilla Programa de Cursos_l8Xx4WAlT7WL904Zd1xY.pdf,1,Ej_1_Plantilla Programa de Cursos_l8Xx4WAlT7WL904Zd1xY_Full.md,59e60ca209aba74d2d3a6f1b8c542c1a7e4b80349239d2d32985466ce5f6f96d,2025-12-08T20:18:40.962Z
Plantilla Práctica 2_oKxyf0Ye9jqtWw2V94ku_Full,Documento Completo,material,1,--- Page 1 --- PONTIFICIA UNIVERSIDAD CATOLICA DE ...,Plantilla Práctica 2_oKxyf0Ye9jqtWw2V94ku.pdf,exports/downloads/Todos los ramos/Plantilla Práctica 2_oKxyf0Ye9jqtWw2V94ku.pdf,1,Ej_1_Plantilla Práctica 2_oKxyf0Ye9jqtWw2V94ku_Full.md,3e81a2934537f2af036a8ec6d02039746529d9a2ff4bb936ba43d48fb529ccae,2025-12-08T20:18:40.979Z
Plantilla Thesis_UtYB0jGNMKC82q4uLiJP_Full,Documento Completo,material,1,--- Page 1 ---   --- Page 2 --- PONTIFICIA UNIVERS...,Plantilla Thesis_UtYB0jGNMKC82q4uLiJP.pdf,exports/downloads/Todos los ramos/Plantilla Thesis_UtYB0jGNMKC82q4uLiJP.pdf,1,Ej_1_Plantilla Thesis_UtYB0jGNMKC82q4uLiJP_Full.md,d461012a989ddc3af7c0eb9b4120439d9fd11cdc913a5cfc3156c7b36a71e31c,2025-12-08T20:18:40.994Z
Plantilla Trabajo de Título_ZN5tWrKMvDLEae3oAmas_Full,Documento Completo,material,1,--- Page 1 --- PONTIFICIA UNIVERSIDAD CATÓLICA DE ...,Plantilla Trabajo de Título_ZN5tWrKMvDLEae3oAmas.pdf,exports/downloads/Todos los ramos/Plantilla Trabajo de Título_ZN5tWrKMvDLEae3oAmas.pdf,1,Ej_1_Plantilla Trabajo de Título_ZN5tWrKMvDLEae3oAmas_Full.md,59c54365482819e22227c78603b03276d50d7d1660f7bba28842955a32681468,2025-12-08T20:18:41.005Z
Plantilla general UC_FFzSQVXnOHu291jblskh_Full,Documento Completo,material,1,--- Page 1 --- PONTIFICIA UNIVERSIDAD CAT  ´ OLICA...,Plantilla general UC_FFzSQVXnOHu291jblskh.pdf,exports/downloads/Todos los ramos/Plantilla general UC_FFzSQVXnOHu291jblskh.pdf,1,Ej_1_Plantilla general UC_FFzSQVXnOHu291jblskh_Full.md,6a9952aa8dae8abac56ed6ebb037ff919e8c2f706a44ff3d2079f4c17776d77e,2025-12-08T20:18:41.025Z
Plantillas Informes 2_vxWNDquwiibJgxRE2Jni_Full,Documento Completo,material,1,--- Page 1 --- Informe de Laboratorio An´ alisis d...,Plantillas Informes 2_vxWNDquwiibJgxRE2Jni.pdf,exports/downloads/Todos los ramos/Plantillas Informes 2_vxWNDquwiibJgxRE2Jni.pdf,1,Ej_1_Plantillas Informes 2_vxWNDquwiibJgxRE2Jni_Full.md,c2d2e07f132767adab952ac9e4c749dc86ccf2aac0e3d6787281ffd8806fe9e9,2025-12-08T20:18:41.036Z
2010-2.pdf_0OiNrrjVi2J1ut50eDhA_Ej1,Ejercicio 1,ejercicio,1,Una empresa someti´ o a votaci´ on entre todos sus...,2010-2.pdf_0OiNrrjVi2J1ut50eDhA.pdf,exports/downloads/Todos los ramos/2010-2.pdf_0OiNrrjVi2J1ut50eDhA.pdf,1,Ej_1_2010-2.pdf_0OiNrrjVi2J1ut50eDhA_Ej1.md,e6f57e8303c10c4fa0e8bf027e77bb365344af8bb05a40b06a232b22bbe3d48f,2025-12-08T20:22:20.999Z
2010-2.pdf_0OiNrrjVi2J1ut50eDhA_Ej2,Ejercicio 2,ejercicio,2,Un lote compuesto por 6 art´ ıculos contiene 2 def...,2010-2.pdf_0OiNrrjVi2J1ut50eDhA.pdf,exports/downloads/Todos los ramos/2010-2.pdf_0OiNrrjVi2J1ut50eDhA.pdf,3,Ej_2_2010-2.pdf_0OiNrrjVi2J1ut50eDhA_Ej2.md,03654d61b134c2539f61064924b8dd01f6f201bc9fa186f5df4e7cfc67262f97,2025-12-08T20:22:21.000Z
2010-2.pdf_0OiNrrjVi2J1ut50eDhA_Ej3,Ejercicio 3,ejercicio,3,Para celebrar el Bicentenario de Chile usted ofrec...,2010-2.pdf_0OiNrrjVi2J1ut50eDhA.pdf,exports/downloads/Todos los ramos/2010-2.pdf_0OiNrrjVi2J1ut50eDhA.pdf,4,Ej_3_2010-2.pdf_0OiNrrjVi2J1ut50eDhA_Ej3.md,06f5736688b2c529b1049ece73bd7c6784af7337ab101b437786f2980ba57a86,2025-12-08T20:22:21.001Z
2025-1.pdf_02jHOg2nHI5ToNiiWyx4_Ej1,Ejercicio 1,ejercicio,1,Modelo ricardiano (y algo más) (31 puntos)  Usted ...,2025-1.pdf_02jHOg2nHI5ToNiiWyx4.pdf,exports/downloads/Todos los ramos/2025-1.pdf_02jHOg2nHI5ToNiiWyx4.pdf,3,Ej_1_2025-1.pdf_02jHOg2nHI5ToNiiWyx4_Ej1.md,e50a3a2d883bb1eb5736071d8b3071429854f73d48ff46558a14b30b55abb48e,2025-12-08T20:22:21.127Z
2025-1.pdf_02jHOg2nHI5ToNiiWyx4_Ej2,Ejercicio 2,ejercicio,2,Capital humano (y algo más) (30 puntos)  Una perso...,2025-1.pdf_02jHOg2nHI5ToNiiWyx4.pdf,exports/downloads/Todos los ramos/2025-1.pdf_02jHOg2nHI5ToNiiWyx4.pdf,7,Ej_2_2025-1.pdf_02jHOg2nHI5ToNiiWyx4_Ej2.md,4109ec2e9d5ec2c1c1a713f10780d9a54e4f8945fbfdbfca6f56e514762061d6,2025-12-08T20:22:21.127Z
2025-1.pdf_02jHOg2nHI5ToNiiWyx4_Ej3,Ejercicio 3,ejercicio,3,Señales (y algo más) (30 puntos)  Existen dos tipo...,2025-1.pdf_02jHOg2nHI5ToNiiWyx4.pdf,exports/downloads/Todos los ramos/2025-1.pdf_02jHOg2nHI5ToNiiWyx4.pdf,11,Ej_3_2025-1.pdf_02jHOg2nHI5ToNiiWyx4_Ej3.md,a347c1d506f565ffdd078c6680fc9897207cc26ed35e8f15ac7cdcf11eb19d6c,2025-12-08T20:22:21.128Z
2025-1.pdf_02jHOg2nHI5ToNiiWyx4_Ej4,Ejercicio 4,ejercicio,4,Comercio (10 puntos)  Esta pregunta está basada en...,2025-1.pdf_02jHOg2nHI5ToNiiWyx4.pdf,exports/downloads/Todos los ramos/2025-1.pdf_02jHOg2nHI5ToNiiWyx4.pdf,16,Ej_4_2025-1.pdf_02jHOg2nHI5ToNiiWyx4_Ej4.md,935f6b25995fd526bace8dc67f8f5597ac2651f25da9ba2ca5cf33c6fa85b09a,2025-12-08T20:22:21.128Z
6. Elasticidades (1).pdf_0BnSxU0NND2oM19lhj60_Full,Documento Completo,material,1,--- Page 1 --- Elasticidades  Introducción a la Mi...,6. Elasticidades (1).pdf_0BnSxU0NND2oM19lhj60.pdf,exports/downloads/Todos los ramos/6. Elasticidades (1).pdf_0BnSxU0NND2oM19lhj60.pdf,1,Ej_1_6. Elasticidades (1).pdf_0BnSxU0NND2oM19lhj60_Full.md,f40357909931c40e292a83e903fe772e5881cf71f08cfaf4ad4d2a8395227154,2025-12-08T20:22:21.176Z
Ayud 10 (20-05-2016)_0FYkeYWvGsWF7NL04b0E_Full,Documento Completo,material,1,--- Page 1 --- Pontificia Universidad Cat´ olica d...,Ayud 10 (20-05-2016)_0FYkeYWvGsWF7NL04b0E.pdf,exports/downloads/Todos los ramos/Ayud 10 (20-05-2016)_0FYkeYWvGsWF7NL04b0E.pdf,1,Ej_1_Ayud 10 (20-05-2016)_0FYkeYWvGsWF7NL04b0E_Full.md,ae10cc79a90c66e620d41a979cf13ca49b979b12e495ceb592d3b959b3cc1e46,2025-12-08T20:22:21.289Z
Ayudanta6_03nWRlVftdXpn0LGyD9k_Full,Documento Completo,material,1,--- Page 1 --- PONTIFICIA UNIVERSIDAD CATOLICA DE ...,Ayudanta6_03nWRlVftdXpn0LGyD9k.pdf,exports/downloads/Todos los ramos/Ayudanta6_03nWRlVftdXpn0LGyD9k.pdf,1,Ej_1_Ayudanta6_03nWRlVftdXpn0LGyD9k_Full.md,81074591af2d0f18aee264212b340cda26cec5cb0d9e2c9503833f0427531696,2025-12-08T20:22:21.300Z
Ayudantia 8.pdf_0OkGa0w33iSdOHH8apjw_Ej1,Ejercicio 1,ejercicio,1,"Suponga que   X 1 , ...,   X n   es una m.a de una...",Ayudantia 8.pdf_0OkGa0w33iSdOHH8apjw.pdf,exports/downloads/Todos los ramos/Ayudantia 8.pdf_0OkGa0w33iSdOHH8apjw.pdf,8,Ej_1_Ayudantia 8.pdf_0OkGa0w33iSdOHH8apjw_Ej1.md,c9a049425624bf89b0fa8cbe5f937930127e2ccc44dc9385ce39686820224160,2025-12-08T20:22:21.384Z
Ayudantia 8.pdf_0OkGa0w33iSdOHH8apjw_Ej1,Ejercicio 1,ejercicio,1,Se quiere contrastar las siguientes hip´ otesis:  ...,Ayudantia 8.pdf_0OkGa0w33iSdOHH8apjw.pdf,exports/downloads/Todos los ramos/Ayudantia 8.pdf_0OkGa0w33iSdOHH8apjw.pdf,9,Ej_1_Ayudantia 8.pdf_0OkGa0w33iSdOHH8apjw_Ej1.md,e6763b06cc8c95ac516defa951f1c418af300f340be9486d67953afc5b07f1c7,2025-12-08T20:22:21.385Z
Ayudantia 8.pdf_0OkGa0w33iSdOHH8apjw_Ej1,Ejercicio 1,ejercicio,1,"Luego como   X 1 , ...,   X n   ∼   N ( μ,   1), e...",Ayudantia 8.pdf_0OkGa0w33iSdOHH8apjw.pdf,exports/downloads/Todos los ramos/Ayudantia 8.pdf_0OkGa0w33iSdOHH8apjw.pdf,10,Ej_1_Ayudantia 8.pdf_0OkGa0w33iSdOHH8apjw_Ej1.md,374891f3f2df156dc622c7a1bfb7f9bf01a7dfd6c1cd72d04c99913b4db0f6da,2025-12-08T20:22:21.386Z
Ayudantia 8.pdf_0OkGa0w33iSdOHH8apjw_Ej1,Ejercicio 1,ejercicio,1,α   =   1   −   P  (  −   c  1 / √ n   ≤   Z   ≤  ...,Ayudantia 8.pdf_0OkGa0w33iSdOHH8apjw.pdf,exports/downloads/Todos los ramos/Ayudantia 8.pdf_0OkGa0w33iSdOHH8apjw.pdf,11,Ej_1_Ayudantia 8.pdf_0OkGa0w33iSdOHH8apjw_Ej1.md,7a11759a207e2ac207d60ee4aeb6aa8462f4e636b054d2558692837d000e1f41,2025-12-08T20:22:21.386Z
Ayudantia 8.pdf_0OkGa0w33iSdOHH8apjw_Ej1,Ejercicio 1,ejercicio,1,Recuerde que en este curso hemos denotado al cuant...,Ayudantia 8.pdf_0OkGa0w33iSdOHH8apjw.pdf,exports/downloads/Todos los ramos/Ayudantia 8.pdf_0OkGa0w33iSdOHH8apjw.pdf,12,Ej_1_Ayudantia 8.pdf_0OkGa0w33iSdOHH8apjw_Ej1.md,e32ea9aedd3a057ab7bda082b6f6bfdb2b33eb7018bf9be20d85d805804d84b4,2025-12-08T20:22:21.386Z
Ayudantia 8.pdf_0OkGa0w33iSdOHH8apjw_Ej2,Ejercicio 2,ejercicio,2,"Suponga que   X 1 , ...,   X 25   constituye una m...",Ayudantia 8.pdf_0OkGa0w33iSdOHH8apjw.pdf,exports/downloads/Todos los ramos/Ayudantia 8.pdf_0OkGa0w33iSdOHH8apjw.pdf,13,Ej_2_Ayudantia 8.pdf_0OkGa0w33iSdOHH8apjw_Ej2.md,b60ffd219817cd0f29c3e73349994279eeffdc9edb3d19c68f352e9fa7f1066b,2025-12-08T20:22:21.386Z
Ayudantia 8.pdf_0OkGa0w33iSdOHH8apjw_Ej2,Ejercicio 2,ejercicio,2,(a) El nivel de significancia del test corresponde...,Ayudantia 8.pdf_0OkGa0w33iSdOHH8apjw.pdf,exports/downloads/Todos los ramos/Ayudantia 8.pdf_0OkGa0w33iSdOHH8apjw.pdf,14,Ej_2_Ayudantia 8.pdf_0OkGa0w33iSdOHH8apjw_Ej2.md,77c50a53b243bff3ec3b14ff8bae8e37e5fd8b57e12e99af5ee87ad7851fa1ac,2025-12-08T20:22:21.386Z
Ayudantia 8.pdf_0OkGa0w33iSdOHH8apjw_Ej2,Ejercicio 2,ejercicio,2,"As´ ı Bajo   H 0 : ( μ   =   μ 0 ),  X   25   −   ...",Ayudantia 8.pdf_0OkGa0w33iSdOHH8apjw.pdf,exports/downloads/Todos los ramos/Ayudantia 8.pdf_0OkGa0w33iSdOHH8apjw.pdf,15,Ej_2_Ayudantia 8.pdf_0OkGa0w33iSdOHH8apjw_Ej2.md,11cc936772014e00ba832bd2ff2ae3e73939452392a520f1a7ec2a29b5bc3fc9,2025-12-08T20:22:21.387Z
Ayudantia 8.pdf_0OkGa0w33iSdOHH8apjw_Ej2,Ejercicio 2,ejercicio,2,(b) La potencia del test se define como   π ( μ ) ...,Ayudantia 8.pdf_0OkGa0w33iSdOHH8apjw.pdf,exports/downloads/Todos los ramos/Ayudantia 8.pdf_0OkGa0w33iSdOHH8apjw.pdf,16,Ej_2_Ayudantia 8.pdf_0OkGa0w33iSdOHH8apjw_Ej2.md,2ba3356d5def268cf883d3372ee715eb2a78fb27676275943dd4eee6f181afa0,2025-12-08T20:22:21.387Z
Ayudantia 8.pdf_0OkGa0w33iSdOHH8apjw_Ej2,Ejercicio 2,ejercicio,2,"Luego,  π ( μ )   =   P ( T   ≥   1 . 32 | μ > μ 0...",Ayudantia 8.pdf_0OkGa0w33iSdOHH8apjw.pdf,exports/downloads/Todos los ramos/Ayudantia 8.pdf_0OkGa0w33iSdOHH8apjw.pdf,17,Ej_2_Ayudantia 8.pdf_0OkGa0w33iSdOHH8apjw_Ej2.md,147face0bba67f341990c8a7624e60302561e42b81042e1fe061c66d28a22444,2025-12-08T20:22:21.387Z
Ayudantia 8.pdf_0OkGa0w33iSdOHH8apjw_Ej2,Ejercicio 2,ejercicio,2,π ( μ )   =   1   −   F T 1  (   μ 0   −   μ  S / ...,Ayudantia 8.pdf_0OkGa0w33iSdOHH8apjw.pdf,exports/downloads/Todos los ramos/Ayudantia 8.pdf_0OkGa0w33iSdOHH8apjw.pdf,18,Ej_2_Ayudantia 8.pdf_0OkGa0w33iSdOHH8apjw_Ej2.md,dc7069e69340bdf9887600ed6ceb003a47be5ddbc67f6a293e3147ccca54dd4c,2025-12-08T20:22:21.387Z
Ayudantia 8.pdf_0OkGa0w33iSdOHH8apjw_Ej2,Ejercicio 2,ejercicio,2,0.0  0.2  0.4  0.6  0.8  1.0  μ  Potencia  μ 0  : ...,Ayudantia 8.pdf_0OkGa0w33iSdOHH8apjw.pdf,exports/downloads/Todos los ramos/Ayudantia 8.pdf_0OkGa0w33iSdOHH8apjw.pdf,19,Ej_2_Ayudantia 8.pdf_0OkGa0w33iSdOHH8apjw_Ej2.md,a58895443573f515cba24da697da41781e12f1cebb8aaeed252292dbeb58983c,2025-12-08T20:22:21.387Z
Ayudantia 8.pdf_0OkGa0w33iSdOHH8apjw_Ej3,Ejercicio 3,ejercicio,3,Una mezcla de combustible y cemento se utiliza par...,Ayudantia 8.pdf_0OkGa0w33iSdOHH8apjw.pdf,exports/downloads/Todos los ramos/Ayudantia 8.pdf_0OkGa0w33iSdOHH8apjw.pdf,20,Ej_3_Ayudantia 8.pdf_0OkGa0w33iSdOHH8apjw_Ej3.md,aae8e2a245e480bddf547085b5b7ffdc3debbdecef90b100ec51b260384d23d0,2025-12-08T20:22:21.388Z
Ayudantia 8.pdf_0OkGa0w33iSdOHH8apjw_Ej3,Ejercicio 3,ejercicio,3,(c) ¿Cu´ al es la distribuci´ on del estad´ ıstico...,Ayudantia 8.pdf_0OkGa0w33iSdOHH8apjw.pdf,exports/downloads/Todos los ramos/Ayudantia 8.pdf_0OkGa0w33iSdOHH8apjw.pdf,21,Ej_3_Ayudantia 8.pdf_0OkGa0w33iSdOHH8apjw_Ej3.md,d5c59e8c5adc400d8c79042f70aa70a12574ab7aa644653528032ba99f2c0883,2025-12-08T20:22:21.388Z
Ayudantia 8.pdf_0OkGa0w33iSdOHH8apjw_Ej3,Ejercicio 3,ejercicio,3,(a) Sea   μ   la media poblacional de resistencia....,Ayudantia 8.pdf_0OkGa0w33iSdOHH8apjw.pdf,exports/downloads/Todos los ramos/Ayudantia 8.pdf_0OkGa0w33iSdOHH8apjw.pdf,22,Ej_3_Ayudantia 8.pdf_0OkGa0w33iSdOHH8apjw_Ej3.md,f718a6eb2d4280851ca22f9e50af734bc7e68ec1032fd10c5686c9228f6e6930,2025-12-08T20:22:21.388Z
Ayudantia 8.pdf_0OkGa0w33iSdOHH8apjw_Ej3,Ejercicio 3,ejercicio,3,"La probabilidad de Error de Tipo I, est´ a dada po...",Ayudantia 8.pdf_0OkGa0w33iSdOHH8apjw.pdf,exports/downloads/Todos los ramos/Ayudantia 8.pdf_0OkGa0w33iSdOHH8apjw.pdf,23,Ej_3_Ayudantia 8.pdf_0OkGa0w33iSdOHH8apjw_Ej3.md,30026c220f3d23b3fdef31f98dc3097dea1ad8b3de6936c93d748b8a576c010b,2025-12-08T20:22:21.388Z
Ayudantia 8.pdf_0OkGa0w33iSdOHH8apjw_Ej3,Ejercicio 3,ejercicio,3,El nivel de significancia del test es  α   =   max...,Ayudantia 8.pdf_0OkGa0w33iSdOHH8apjw.pdf,exports/downloads/Todos los ramos/Ayudantia 8.pdf_0OkGa0w33iSdOHH8apjw.pdf,24,Ej_3_Ayudantia 8.pdf_0OkGa0w33iSdOHH8apjw_Ej3.md,33f513e857bdf91f36a645c00289e38f3bfb0c5413db00fcce718e4a611809b6,2025-12-08T20:22:21.388Z
Ayudantia 8.pdf_0OkGa0w33iSdOHH8apjw_Ej3,Ejercicio 3,ejercicio,3,1200   1220   1240   1260   1280   1300  0.000  0....,Ayudantia 8.pdf_0OkGa0w33iSdOHH8apjw.pdf,exports/downloads/Todos los ramos/Ayudantia 8.pdf_0OkGa0w33iSdOHH8apjw.pdf,25,Ej_3_Ayudantia 8.pdf_0OkGa0w33iSdOHH8apjw_Ej3.md,e47a293542b6b6c6e25a778ca209f7b6febdd93e16577676e7afe536936ea355,2025-12-08T20:22:21.388Z
Ayudantia 8.pdf_0OkGa0w33iSdOHH8apjw_Ej3,Ejercicio 3,ejercicio,3,"(c) Bajo   H 1 ,   μ >   1300 el estad´ ıstico tie...",Ayudantia 8.pdf_0OkGa0w33iSdOHH8apjw.pdf,exports/downloads/Todos los ramos/Ayudantia 8.pdf_0OkGa0w33iSdOHH8apjw.pdf,26,Ej_3_Ayudantia 8.pdf_0OkGa0w33iSdOHH8apjw_Ej3.md,3c7825f318740015d2baf91c4faa0935b0a0b9594a91e34f9bd7e09f1e86224d,2025-12-08T20:22:21.389Z
Ayudantia 8.pdf_0OkGa0w33iSdOHH8apjw_Ej3,Ejercicio 3,ejercicio,3,Ahora nos piden la probabilidad de Error de Tipo I...,Ayudantia 8.pdf_0OkGa0w33iSdOHH8apjw.pdf,exports/downloads/Todos los ramos/Ayudantia 8.pdf_0OkGa0w33iSdOHH8apjw.pdf,27,Ej_3_Ayudantia 8.pdf_0OkGa0w33iSdOHH8apjw_Ej3.md,e7c42fd85565b7924065b305b2a20c7910f95d76fa47a432c9850e5a8c0ff57f,2025-12-08T20:22:21.389Z
Ayudantia 8.pdf_0OkGa0w33iSdOHH8apjw_Ej3,Ejercicio 3,ejercicio,3,En el caso particular que nos preguntan para   μ  ...,Ayudantia 8.pdf_0OkGa0w33iSdOHH8apjw.pdf,exports/downloads/Todos los ramos/Ayudantia 8.pdf_0OkGa0w33iSdOHH8apjw.pdf,28,Ej_3_Ayudantia 8.pdf_0OkGa0w33iSdOHH8apjw_Ej3.md,6400c4fb3796f5c72599d9ad77e16d60f850423bf66201507ddeaeeb1630b211,2025-12-08T20:22:21.389Z
Ayudantia 8.pdf_0OkGa0w33iSdOHH8apjw_Ej3,Ejercicio 3,ejercicio,3,(d) Queremos que la prueba tenga un nivel de signi...,Ayudantia 8.pdf_0OkGa0w33iSdOHH8apjw.pdf,exports/downloads/Todos los ramos/Ayudantia 8.pdf_0OkGa0w33iSdOHH8apjw.pdf,29,Ej_3_Ayudantia 8.pdf_0OkGa0w33iSdOHH8apjw_Ej3.md,7d754202194f76faa9d76a9bce03d60bd6f41237a7753a5f0a5c5569668141e9,2025-12-08T20:22:21.389Z
Ayudantia 8.pdf_0OkGa0w33iSdOHH8apjw_Ej3,Ejercicio 3,ejercicio,3,α   =   P ( X   ≥   c | μ   = 1300) 0 . 05   =   P...,Ayudantia 8.pdf_0OkGa0w33iSdOHH8apjw.pdf,exports/downloads/Todos los ramos/Ayudantia 8.pdf_0OkGa0w33iSdOHH8apjw.pdf,30,Ej_3_Ayudantia 8.pdf_0OkGa0w33iSdOHH8apjw_Ej3.md,7dd817ad7226a52ebdc8baf4313ec9731a252b9bf8acce64f16e20606c4f5374,2025-12-08T20:22:21.389Z
Ayudantia 8.pdf_0OkGa0w33iSdOHH8apjw_Ej3,Ejercicio 3,ejercicio,3,Φ − 1 (0 . 95)   =   c   −   1300 60 / √ 20  z 0 ....,Ayudantia 8.pdf_0OkGa0w33iSdOHH8apjw.pdf,exports/downloads/Todos los ramos/Ayudantia 8.pdf_0OkGa0w33iSdOHH8apjw.pdf,31,Ej_3_Ayudantia 8.pdf_0OkGa0w33iSdOHH8apjw_Ej3.md,a20a9a3a516d92eadaf45714fa3e33e629fa056c8d74bc14e604d2bb07adb49c,2025-12-08T20:22:21.389Z
Ayudantia 8.pdf_0OkGa0w33iSdOHH8apjw_Ej4,Ejercicio 4,ejercicio,4,"Suponga que   X 1 , ...,   X n   constituye una m....",Ayudantia 8.pdf_0OkGa0w33iSdOHH8apjw.pdf,exports/downloads/Todos los ramos/Ayudantia 8.pdf_0OkGa0w33iSdOHH8apjw.pdf,32,Ej_4_Ayudantia 8.pdf_0OkGa0w33iSdOHH8apjw_Ej4.md,881ead1604c4fe91a0184786ac93d5a52c33aaf78e36b98eda10f9dd55d60052,2025-12-08T20:22:21.389Z
Ayudantia 8.pdf_0OkGa0w33iSdOHH8apjw_Ej4,Ejercicio 4,ejercicio,4,El nivel de significancia del test corresponde a  ...,Ayudantia 8.pdf_0OkGa0w33iSdOHH8apjw.pdf,exports/downloads/Todos los ramos/Ayudantia 8.pdf_0OkGa0w33iSdOHH8apjw.pdf,33,Ej_4_Ayudantia 8.pdf_0OkGa0w33iSdOHH8apjw_Ej4.md,096f89ad017abd232bd6bbf15ff4635f2d929489fb19ab07b257c7ee9523da62,2025-12-08T20:22:21.390Z
Ayudantia 8.pdf_0OkGa0w33iSdOHH8apjw_Ej4,Ejercicio 4,ejercicio,4,Recuerde que la densidad de   T   est´ a dada por ...,Ayudantia 8.pdf_0OkGa0w33iSdOHH8apjw.pdf,exports/downloads/Todos los ramos/Ayudantia 8.pdf_0OkGa0w33iSdOHH8apjw.pdf,34,Ej_4_Ayudantia 8.pdf_0OkGa0w33iSdOHH8apjw_Ej4.md,8b69b5fa32f6035de38a3a310281d1e0b4eb0dcb640ddd45da6555ebaed89302,2025-12-08T20:22:21.390Z
Ayudantia 8.pdf_0OkGa0w33iSdOHH8apjw_Ej4,Ejercicio 4,ejercicio,4,Luego el nivel de significancia del test est´ a da...,Ayudantia 8.pdf_0OkGa0w33iSdOHH8apjw.pdf,exports/downloads/Todos los ramos/Ayudantia 8.pdf_0OkGa0w33iSdOHH8apjw.pdf,35,Ej_4_Ayudantia 8.pdf_0OkGa0w33iSdOHH8apjw_Ej4.md,81bd240cec18be5d4fdc67d0075a8d020ca77a155123ade3af130bfde196a01c,2025-12-08T20:22:21.390Z
Ayudantia8_Solucionario_086pUxoz0hoe425WpgKb_Ej2,Ejercicio 2,ejercicio,2,Determine los números críticos de la función   f  ...,Ayudantia8_Solucionario_086pUxoz0hoe425WpgKb.pdf,exports/downloads/Todos los ramos/Ayudantia8_Solucionario_086pUxoz0hoe425WpgKb.pdf,3,Ej_2_Ayudantia8_Solucionario_086pUxoz0hoe425WpgKb_Ej2.md,952f2df82f71f261131953142a90db9488c56832665dcaaa42318842249146a2,2025-12-08T20:22:21.420Z
Ayudantia8_Solucionario_086pUxoz0hoe425WpgKb_Ej3,Ejercicio 3,ejercicio,3,"Determine, el máximo y el mínimo de la función   f...",Ayudantia8_Solucionario_086pUxoz0hoe425WpgKb.pdf,exports/downloads/Todos los ramos/Ayudantia8_Solucionario_086pUxoz0hoe425WpgKb.pdf,4,Ej_3_Ayudantia8_Solucionario_086pUxoz0hoe425WpgKb_Ej3.md,82137e3fa7c6ef82536f0f42d0aacb90095a80878efbd08f83c210663a6fb9ff,2025-12-08T20:22:21.421Z
Ayudantia8_Solucionario_086pUxoz0hoe425WpgKb_Ej5,Ejercicio 5,ejercicio,5,Demuestre que la ecuación   arctan( x   −   1) +  ...,Ayudantia8_Solucionario_086pUxoz0hoe425WpgKb.pdf,exports/downloads/Todos los ramos/Ayudantia8_Solucionario_086pUxoz0hoe425WpgKb.pdf,6,Ej_5_Ayudantia8_Solucionario_086pUxoz0hoe425WpgKb_Ej5.md,5a904c763fa677bca4ba11e5e7af08afbc4525fa051ed9d6911eb1f0004790dc,2025-12-08T20:22:21.421Z
Ayudantía Termodinámica 10_07pnpNbArnjsoJvWih7W_Ej1,Ejercicio 1,ejercicio,1,En un compresor fluye refrigerante 134a con un rat...,Ayudantía Termodinámica 10_07pnpNbArnjsoJvWih7W.pdf,exports/downloads/Todos los ramos/Ayudantía Termodinámica 10_07pnpNbArnjsoJvWih7W.pdf,1,Ej_1_Ayudantía Termodinámica 10_07pnpNbArnjsoJvWih7W_Ej1.md,26e711cfbb0a3493bbca13b6e8c947034fc6c89c0871e2a837cb480d61d229f5,2025-12-08T20:22:21.548Z
Ayudantía Termodinámica 10_07pnpNbArnjsoJvWih7W_Ej2,Ejercicio 2,ejercicio,2,Una central energetica a carb´ on produce 300   M ...,Ayudantía Termodinámica 10_07pnpNbArnjsoJvWih7W.pdf,exports/downloads/Todos los ramos/Ayudantía Termodinámica 10_07pnpNbArnjsoJvWih7W.pdf,1,Ej_2_Ayudantía Termodinámica 10_07pnpNbArnjsoJvWih7W_Ej2.md,8ac493f62947f8a0a71f354732618b7ec86a88ebe7e57cf267d0a81ed0232978,2025-12-08T20:22:21.548Z
Ayudantía Termodinámica 10_07pnpNbArnjsoJvWih7W_Ej3,Ejercicio 3,ejercicio,3,Consideramos una casa con un sistema de aire condi...,Ayudantía Termodinámica 10_07pnpNbArnjsoJvWih7W.pdf,exports/downloads/Todos los ramos/Ayudantía Termodinámica 10_07pnpNbArnjsoJvWih7W.pdf,2,Ej_3_Ayudantía Termodinámica 10_07pnpNbArnjsoJvWih7W_Ej3.md,c6674cdeb2b408c12cda059844e4b58087a4da9bb8bbed43139ab36eede11cdf,2025-12-08T20:22:21.548Z
Ayudantía Termodinámica 10_07pnpNbArnjsoJvWih7W_Ej4,Ejercicio 4,ejercicio,4,Una maquina termica opera con un ciclo de Carnot y...,Ayudantía Termodinámica 10_07pnpNbArnjsoJvWih7W.pdf,exports/downloads/Todos los ramos/Ayudantía Termodinámica 10_07pnpNbArnjsoJvWih7W.pdf,2,Ej_4_Ayudantía Termodinámica 10_07pnpNbArnjsoJvWih7W_Ej4.md,098a6f1c85a4300c00437e1a2f513154bcf8b6dbdfbc769fddd7266172c685f5,2025-12-08T20:22:21.548Z
CONTROL 3 2024.2 - PAUTA.pdf_0Kta3wYkNJrWc433Ra8Q_Full,Documento Completo,material,1,--- Page 1 --- Pontificia   Universidad   Católica...,CONTROL 3 2024.2 - PAUTA.pdf_0Kta3wYkNJrWc433Ra8Q.pdf,exports/downloads/Todos los ramos/CONTROL 3 2024.2 - PAUTA.pdf_0Kta3wYkNJrWc433Ra8Q.pdf,1,Ej_1_CONTROL 3 2024.2 - PAUTA.pdf_0Kta3wYkNJrWc433Ra8Q_Full.md,b984581c44c3cf269be4403d5c65e1ee273506695862194d4837500b5780a9ab,2025-12-08T20:22:21.597Z
Calendario de Actividades Academicas y Estudiantiles_0y12SOrH3u11QcFss8cJ_Full,Documento Completo,material,1,--- Page 1 --- Fecha: 11 de noviembre de 2025  Fec...,Calendario de Actividades Academicas y Estudiantiles_0y12SOrH3u11QcFss8cJ.pdf,exports/downloads/Todos los ramos/Calendario de Actividades Academicas y Estudiantiles_0y12SOrH3u11QcFss8cJ.pdf,1,Ej_1_Calendario de Actividades Academicas y Estudiantiles_0y12SOrH3u11QcFss8cJ_Full.md,dd6b5ccb13071c978e2ad922f66fced189ca026a9801fe60108cf34fc2bbd4f4,2025-12-08T20:22:21.680Z
Clase 17 Fugacidad_0KZ0g21elYYjTqbPlycb_Full,Documento Completo,material,1,--- Page 1 --- CLASE   17  FUGACIDAD  Loreto Valen...,Clase 17 Fugacidad_0KZ0g21elYYjTqbPlycb.pdf,exports/downloads/Todos los ramos/Clase 17 Fugacidad_0KZ0g21elYYjTqbPlycb.pdf,1,Ej_1_Clase 17 Fugacidad_0KZ0g21elYYjTqbPlycb_Full.md,3ce13e58289d395ce18b9ab32761cde0c4593e724c7c07b676500cf3c754fb75,2025-12-08T20:22:21.804Z
Clase 8 Poli-meros_0GpPxZbbKk6N6gqndFHh_Full,Documento Completo,material,1,--- Page 1 --- CLASE 8  TRANSICIONES DE FASE DE  S...,Clase 8 Poli-meros_0GpPxZbbKk6N6gqndFHh.pdf,exports/downloads/Todos los ramos/Clase 8 Poli-meros_0GpPxZbbKk6N6gqndFHh.pdf,1,Ej_1_Clase 8 Poli-meros_0GpPxZbbKk6N6gqndFHh_Full.md,196df76ff9b8055d6dc44716bf319606312dd6a8202eeca118f83f5f01b81a8f,2025-12-08T20:22:21.834Z
Control 2 2020-1.pdf_03XRsQlEb9qOw79eFiJ8_Full,Documento Completo,material,1,--- Page 1 --- PONTIFICIA UNIVERSIDAD CATÓLICA DE ...,Control 2 2020-1.pdf_03XRsQlEb9qOw79eFiJ8.pdf,exports/downloads/Todos los ramos/Control 2 2020-1.pdf_03XRsQlEb9qOw79eFiJ8.pdf,1,Ej_1_Control 2 2020-1.pdf_03XRsQlEb9qOw79eFiJ8_Full.md,27af4d26491138441d4f32fc3d029bb5e7693180f5aa4e3bd9d002256dba0816,2025-12-08T20:22:21.849Z
Control 2 [E].pdf_00kSWrxjiZEvFXGjohJB_Ej1,Ejercicio 1,ejercicio,1,[28 puntos]  Dos vecinos que comparten la disponib...,Control 2 [E].pdf_00kSWrxjiZEvFXGjohJB.pdf,exports/downloads/Todos los ramos/Control 2 [E].pdf_00kSWrxjiZEvFXGjohJB.pdf,1,Ej_1_Control 2 [E].pdf_00kSWrxjiZEvFXGjohJB_Ej1.md,fccddc30c6d4f8d04dbefc6fc1b0c32be33f1af2a419547f21fc0c9f4c76224f,2025-12-08T20:22:21.860Z
Control 2 [E].pdf_00kSWrxjiZEvFXGjohJB_Ej2,Ejercicio 2,ejercicio,2,"[18 puntos]  Microsoft (M) y Nintendo (S), debido ...",Control 2 [E].pdf_00kSWrxjiZEvFXGjohJB.pdf,exports/downloads/Todos los ramos/Control 2 [E].pdf_00kSWrxjiZEvFXGjohJB.pdf,2,Ej_2_Control 2 [E].pdf_00kSWrxjiZEvFXGjohJB_Ej2.md,d3095685e83e8ad7883b8a695c4cd0bc2856c5cd8ff7b19ce9f7b736b3dc57a3,2025-12-08T20:22:21.860Z
Copia de Clase 25 Pilas_08MGcLEc0mbImDpNoNMf_Full,Documento Completo,material,1,--- Page 1 --- CLASE   25  PILAS  Loreto Valenzuel...,Copia de Clase 25 Pilas_08MGcLEc0mbImDpNoNMf.pdf,exports/downloads/Todos los ramos/Copia de Clase 25 Pilas_08MGcLEc0mbImDpNoNMf.pdf,1,Ej_1_Copia de Clase 25 Pilas_08MGcLEc0mbImDpNoNMf_Full.md,0031d194fe62d6f9b5ddc59845280e006f424dd16fc6830bc9baa655cd8d4ec2,2025-12-08T20:22:21.925Z
Finanzas 2023-1 Pauta Examen_0L3vlbuDPeF1dUClYv9K_Ej1,Ejercicio 1,ejercicio,1,[ 20   pts.]  Ud. tiene   hoy   $10   millones ( M...,Finanzas 2023-1 Pauta Examen_0L3vlbuDPeF1dUClYv9K.pdf,exports/downloads/Todos los ramos/Finanzas 2023-1 Pauta Examen_0L3vlbuDPeF1dUClYv9K.pdf,1,Ej_1_Finanzas 2023-1 Pauta Examen_0L3vlbuDPeF1dUClYv9K_Ej1.md,720a8108145650dd495d87b6eb1162b8856b0234066d47d0e78c27be7c839033,2025-12-08T20:22:21.969Z
Finanzas 2023-1 Pauta Examen_0L3vlbuDPeF1dUClYv9K_Ej2,Ejercicio 2,ejercicio,2,[ 20   pts.]  Suponga que en el mercado Ud.   hay ...,Finanzas 2023-1 Pauta Examen_0L3vlbuDPeF1dUClYv9K.pdf,exports/downloads/Todos los ramos/Finanzas 2023-1 Pauta Examen_0L3vlbuDPeF1dUClYv9K.pdf,4,Ej_2_Finanzas 2023-1 Pauta Examen_0L3vlbuDPeF1dUClYv9K_Ej2.md,838b904f5f1b61e9a230867ef084a51a71933292f30496cc4414f2f14eca5ddb,2025-12-08T20:22:21.969Z
Finanzas 2023-1 Pauta Examen_0L3vlbuDPeF1dUClYv9K_Ej3,Ejercicio 3,ejercicio,3,[ 20   pts.].  Considere que en un mercado existen...,Finanzas 2023-1 Pauta Examen_0L3vlbuDPeF1dUClYv9K.pdf,exports/downloads/Todos los ramos/Finanzas 2023-1 Pauta Examen_0L3vlbuDPeF1dUClYv9K.pdf,6,Ej_3_Finanzas 2023-1 Pauta Examen_0L3vlbuDPeF1dUClYv9K_Ej3.md,d919fcb4ee81c6ba31d939ce3bca8b6be9176b87471ebaad4c57785f71408f9e,2025-12-08T20:22:21.970Z
Finanzas 2023-1 Pauta Examen_0L3vlbuDPeF1dUClYv9K_Ej4,Ejercicio 4,ejercicio,4,[ 25   pts.].  Una empresa tiene deuda pe rpetua y...,Finanzas 2023-1 Pauta Examen_0L3vlbuDPeF1dUClYv9K.pdf,exports/downloads/Todos los ramos/Finanzas 2023-1 Pauta Examen_0L3vlbuDPeF1dUClYv9K.pdf,8,Ej_4_Finanzas 2023-1 Pauta Examen_0L3vlbuDPeF1dUClYv9K_Ej4.md,0f9de40cc274fc0ffda561e02050668658a38c16a760c202814f082c9ccd280d,2025-12-08T20:22:21.970Z
Finanzas 2023-1 Pauta Examen_0L3vlbuDPeF1dUClYv9K_Ej5,Ejercicio 5,ejercicio,5,[ 25   pts.].  Ud. posee una mina de oro y espera ...,Finanzas 2023-1 Pauta Examen_0L3vlbuDPeF1dUClYv9K.pdf,exports/downloads/Todos los ramos/Finanzas 2023-1 Pauta Examen_0L3vlbuDPeF1dUClYv9K.pdf,10,Ej_5_Finanzas 2023-1 Pauta Examen_0L3vlbuDPeF1dUClYv9K_Ej5.md,4e5fbd901eedf381bf2057c65fe38e5980101e4908afbd2d776aafe8fce8e37a,2025-12-08T20:22:21.971Z
Guia 1_0PYrowxo1wXr9I7P65It_Ej3,Ejercicio 3,ejercicio,3,Calcular los siguientes límites  16)   lim  x ! 2 ...,Guia 1_0PYrowxo1wXr9I7P65It.pdf,exports/downloads/Todos los ramos/Guia 1_0PYrowxo1wXr9I7P65It.pdf,2,Ej_3_Guia 1_0PYrowxo1wXr9I7P65It_Ej3.md,ca5554df6b5e72254ffcbea1afac19e2b7387aa0ab9fd4e9ef2b505bafb0fa69,2025-12-08T20:22:21.996Z
I1 - 2014 - 01_0Kpiso9hELvxgIZEQ1pA_Ej1,Ejercicio 1,ejercicio,1,Cierta empresa alimenticia etiqueta sus productos ...,I1 - 2014 - 01_0Kpiso9hELvxgIZEQ1pA.pdf,exports/downloads/Todos los ramos/I1 - 2014 - 01_0Kpiso9hELvxgIZEQ1pA.pdf,1,Ej_1_I1 - 2014 - 01_0Kpiso9hELvxgIZEQ1pA_Ej1.md,829e5bb875cfaa1622d309568c074d7490fe2cd0d6b3658ae01d8474e32e9902,2025-12-08T20:22:22.032Z
I1 - 2014 - 01_0Kpiso9hELvxgIZEQ1pA_Ej2,Ejercicio 2,ejercicio,2,"Para una apetecida Gobernaci´ on, los tres partido...",I1 - 2014 - 01_0Kpiso9hELvxgIZEQ1pA.pdf,exports/downloads/Todos los ramos/I1 - 2014 - 01_0Kpiso9hELvxgIZEQ1pA.pdf,2,Ej_2_I1 - 2014 - 01_0Kpiso9hELvxgIZEQ1pA_Ej2.md,ba72d264e0ca8063d71f573e894c9b4c7f96d2fbdf8b4ef3f1924878cdaeb799,2025-12-08T20:22:22.033Z
I1 - 2014 - 01_0Kpiso9hELvxgIZEQ1pA_Ej3,Ejercicio 3,ejercicio,3,En las nuevas designaciones de autoridades se disc...,I1 - 2014 - 01_0Kpiso9hELvxgIZEQ1pA.pdf,exports/downloads/Todos los ramos/I1 - 2014 - 01_0Kpiso9hELvxgIZEQ1pA.pdf,4,Ej_3_I1 - 2014 - 01_0Kpiso9hELvxgIZEQ1pA_Ej3.md,7773c066c810f8443b9c8f9dfa207dc87abcf121262bf8bdcdd2b5638c64a0ba,2025-12-08T20:22:22.033Z
I1 - 2014 - 01_0Kpiso9hELvxgIZEQ1pA_Ej4,Ejercicio 4,ejercicio,4,"En t´ erminos s´ ısmicos, el pa´ ıs puede dividirs...",I1 - 2014 - 01_0Kpiso9hELvxgIZEQ1pA.pdf,exports/downloads/Todos los ramos/I1 - 2014 - 01_0Kpiso9hELvxgIZEQ1pA.pdf,7,Ej_4_I1 - 2014 - 01_0Kpiso9hELvxgIZEQ1pA_Ej4.md,a3c60f99fbadb95ac1f27ff6c353c82eced998018524e848aa21d7327e686468,2025-12-08T20:22:22.033Z
I1 2017-1_03PhKPLl5R7ZFq35Gkxr_Ej2009,Ejercicio 2009,ejercicio,2009,Ingresos por Venta   1.500  Costo de Ventas   ( 95...,I1 2017-1_03PhKPLl5R7ZFq35Gkxr.pdf,exports/downloads/Todos los ramos/I1 2017-1_03PhKPLl5R7ZFq35Gkxr.pdf,13,Ej_2009_I1 2017-1_03PhKPLl5R7ZFq35Gkxr_Ej2009.md,57a8f4f497690f31328c6e6717962f329cb16e5858cfe7de00d58b28a82e784b,2025-12-08T20:22:22.077Z
I1 2017-1_03PhKPLl5R7ZFq35Gkxr_Ej450,Ejercicio 450,ejercicio,450,A usted se le pide hacer el asiento de cierre del ...,I1 2017-1_03PhKPLl5R7ZFq35Gkxr.pdf,exports/downloads/Todos los ramos/I1 2017-1_03PhKPLl5R7ZFq35Gkxr.pdf,13,Ej_450_I1 2017-1_03PhKPLl5R7ZFq35Gkxr_Ej450.md,292aca24c5c1b47482bf543faec873b7f826a8914fb94db674f639abcd59175b,2025-12-08T20:22:22.079Z
I1 2017-1_03PhKPLl5R7ZFq35Gkxr_Ej450,Ejercicio 450,ejercicio,450,Asiento de Cierre Ut....,I1 2017-1_03PhKPLl5R7ZFq35Gkxr.pdf,exports/downloads/Todos los ramos/I1 2017-1_03PhKPLl5R7ZFq35Gkxr.pdf,14,Ej_450_I1 2017-1_03PhKPLl5R7ZFq35Gkxr_Ej450.md,82dd69fe8c376a214080b18e47f9c362019c86b0e6986607ec66a6b27604c93a,2025-12-08T20:22:22.079Z
I1 2017-1_03PhKPLl5R7ZFq35Gkxr_Ej6,Ejercicio 6,ejercicio,6,"pts,   - 0,5 por cuenta mala o no p uesta)  2 pts ...",I1 2017-1_03PhKPLl5R7ZFq35Gkxr.pdf,exports/downloads/Todos los ramos/I1 2017-1_03PhKPLl5R7ZFq35Gkxr.pdf,14,Ej_6_I1 2017-1_03PhKPLl5R7ZFq35Gkxr_Ej6.md,972f9322b579a3c17c6367e4b34b4e2419156b08691d278de36d8c31947c2497,2025-12-08T20:22:22.079Z
I1 2017-1_03PhKPLl5R7ZFq35Gkxr_Ej450,Ejercicio 450,ejercicio,450,Ut. Retenidas 450.  (Post EERR)   2 pts por este a...,I1 2017-1_03PhKPLl5R7ZFq35Gkxr.pdf,exports/downloads/Todos los ramos/I1 2017-1_03PhKPLl5R7ZFq35Gkxr.pdf,14,Ej_450_I1 2017-1_03PhKPLl5R7ZFq35Gkxr_Ej450.md,08ac312bfc4748b10ad9f4e2ac0d757480882ccb08df1b49c8c8af2368b5c7f6,2025-12-08T20:22:22.079Z
I1 2017-1_03PhKPLl5R7ZFq35Gkxr_Ej19,Ejercicio 19,ejercicio,19,300  NOTAS:  (1): Suponga que el gasto por sueldos...,I1 2017-1_03PhKPLl5R7ZFq35Gkxr.pdf,exports/downloads/Todos los ramos/I1 2017-1_03PhKPLl5R7ZFq35Gkxr.pdf,17,Ej_19_I1 2017-1_03PhKPLl5R7ZFq35Gkxr_Ej19.md,8a3f2d21b835ef26964bf01d13d822d47cb084d98e6a07c0facd1844c4373e72,2025-12-08T20:22:22.079Z
I1 2019-1_0053uxBFqTKXHgHQAiiL_Ej1,Ejercicio 1,ejercicio,1,(Procesos de desarrollo de software)  Una problemá...,I1 2019-1_0053uxBFqTKXHgHQAiiL.pdf,exports/downloads/Todos los ramos/I1 2019-1_0053uxBFqTKXHgHQAiiL.pdf,1,Ej_1_I1 2019-1_0053uxBFqTKXHgHQAiiL_Ej1.md,1f528f703591beaa55c95449fd2f9a9cf6a9cacaf18fa79ef212f137b261c1ad,2025-12-08T20:22:22.163Z
I1 2019-1_0053uxBFqTKXHgHQAiiL_Ej2,Ejercicio 2,ejercicio,2,(Procesos ágiles)  Lea el siguiente relato y respo...,I1 2019-1_0053uxBFqTKXHgHQAiiL.pdf,exports/downloads/Todos los ramos/I1 2019-1_0053uxBFqTKXHgHQAiiL.pdf,2,Ej_2_I1 2019-1_0053uxBFqTKXHgHQAiiL_Ej2.md,08c9a6624af7c8deedf917a555e51398c4d7f05c222ea3676c34cbf462259575,2025-12-08T20:22:22.164Z
I1 2019-1_0053uxBFqTKXHgHQAiiL_Ej3,Ejercicio 3,ejercicio,3,(Relatos de usuario)  Una municipalidad de Santiag...,I1 2019-1_0053uxBFqTKXHgHQAiiL.pdf,exports/downloads/Todos los ramos/I1 2019-1_0053uxBFqTKXHgHQAiiL.pdf,4,Ej_3_I1 2019-1_0053uxBFqTKXHgHQAiiL_Ej3.md,6e36fa02f86d03e9bffa8dd726051e60cd936c335fdc316332b669ed9b4a1a4c,2025-12-08T20:22:22.164Z
I1 2019-1_0053uxBFqTKXHgHQAiiL_Ej4,Ejercicio 4,ejercicio,4,(Aspectos generales de ingeniería de software)  Re...,I1 2019-1_0053uxBFqTKXHgHQAiiL.pdf,exports/downloads/Todos los ramos/I1 2019-1_0053uxBFqTKXHgHQAiiL.pdf,4,Ej_4_I1 2019-1_0053uxBFqTKXHgHQAiiL_Ej4.md,224949f7e46b6f3c4d8f6c5664a577b421a353514dc32f6137488f63f3ef06fc,2025-12-08T20:22:22.164Z
I1 2019-1_0053uxBFqTKXHgHQAiiL_Ej1,Ejercicio 1,ejercicio,1,a)   Explique cuál de los tres procesos de desarro...,I1 2019-1_0053uxBFqTKXHgHQAiiL.pdf,exports/downloads/Todos los ramos/I1 2019-1_0053uxBFqTKXHgHQAiiL.pdf,5,Ej_1_I1 2019-1_0053uxBFqTKXHgHQAiiL_Ej1.md,fcd1363f838a7b892367174d548abce78b208869c0ec734a85aacc65a9372151,2025-12-08T20:22:22.164Z
I1 2019-1_0053uxBFqTKXHgHQAiiL_Ej2,Ejercicio 2,ejercicio,2,a)   Explique el motivo detrás de la duración fija...,I1 2019-1_0053uxBFqTKXHgHQAiiL.pdf,exports/downloads/Todos los ramos/I1 2019-1_0053uxBFqTKXHgHQAiiL.pdf,7,Ej_2_I1 2019-1_0053uxBFqTKXHgHQAiiL_Ej2.md,e6daeea62ccd559c26127017b04f1ef7300ec03d229e4e33072c9f1c79bf20c2,2025-12-08T20:22:22.164Z
I1 2019-1_0053uxBFqTKXHgHQAiiL_Ej3,Ejercicio 3,ejercicio,3,"a)   Dada la descripción anterior, identifique los...",I1 2019-1_0053uxBFqTKXHgHQAiiL.pdf,exports/downloads/Todos los ramos/I1 2019-1_0053uxBFqTKXHgHQAiiL.pdf,10,Ej_3_I1 2019-1_0053uxBFqTKXHgHQAiiL_Ej3.md,98c55372f2cf437321d4e081cbbba2b790ca470f26890096bc276d20736d8d3e,2025-12-08T20:22:22.164Z
I1 2019-1_0053uxBFqTKXHgHQAiiL_Ej4,Ejercicio 4,ejercicio,4,a)   Enuncie y explique dos puntos del Agile Manif...,I1 2019-1_0053uxBFqTKXHgHQAiiL.pdf,exports/downloads/Todos los ramos/I1 2019-1_0053uxBFqTKXHgHQAiiL.pdf,12,Ej_4_I1 2019-1_0053uxBFqTKXHgHQAiiL_Ej4.md,553df4837ddabb3b6f06c5b5c0385dd79f375da4272f452da4ba9540c5804500,2025-12-08T20:22:22.165Z
I2 2016-1_04o2jstkaCvsWWshVexE_Full,Documento Completo,material,1,--- Page 1 --- PONTIFICIA UNIVERSIDAD CAT  ´ OLICA...,I2 2016-1_04o2jstkaCvsWWshVexE.pdf,exports/downloads/Todos los ramos/I2 2016-1_04o2jstkaCvsWWshVexE.pdf,1,Ej_1_I2 2016-1_04o2jstkaCvsWWshVexE_Full.md,24cbc0966809ca45bb5554d6850e01be8d3177b73def72b00743e1301085145e,2025-12-08T20:22:22.204Z
I2 2016-2_0KETG37itRHP5Xpzvjgt_Ej2,Ejercicio 2,ejercicio,2,"Determine el l´ ımite, si existe, o demuestre que ...",I2 2016-2_0KETG37itRHP5Xpzvjgt.pdf,exports/downloads/Todos los ramos/I2 2016-2_0KETG37itRHP5Xpzvjgt.pdf,2,Ej_2_I2 2016-2_0KETG37itRHP5Xpzvjgt_Ej2.md,ea34cac1a204d1879f32335499e95b917a93588dd31ce244fb6ed747206143d0,2025-12-08T20:22:22.247Z
I2 2016-2_0KETG37itRHP5Xpzvjgt_Ej3,Ejercicio 3,ejercicio,3,Hallar las ecuaciones de los planos tangentes a la...,I2 2016-2_0KETG37itRHP5Xpzvjgt.pdf,exports/downloads/Todos los ramos/I2 2016-2_0KETG37itRHP5Xpzvjgt.pdf,3,Ej_3_I2 2016-2_0KETG37itRHP5Xpzvjgt_Ej3.md,ed3548dd2a950b63e82c851dae3e3e9e41cf1337c76987c2399cebaae23a44c3,2025-12-08T20:22:22.247Z
I2 2016-2_0KETG37itRHP5Xpzvjgt_Ej4,Ejercicio 4,ejercicio,4,Sea   f   una funci´ on diferenciable tal que sus ...,I2 2016-2_0KETG37itRHP5Xpzvjgt.pdf,exports/downloads/Todos los ramos/I2 2016-2_0KETG37itRHP5Xpzvjgt.pdf,4,Ej_4_I2 2016-2_0KETG37itRHP5Xpzvjgt_Ej4.md,5b5cfdb79de1f55c5ea6b5fe03a5120cddc1b6252d045c6550ca2e0e7255f722,2025-12-08T20:22:22.247Z
I2 2016-2_0KETG37itRHP5Xpzvjgt_Ej5,Ejercicio 5,ejercicio,5,"Si   z   =   f   ( x, y ), donde   x   =   r 2   +...",I2 2016-2_0KETG37itRHP5Xpzvjgt.pdf,exports/downloads/Todos los ramos/I2 2016-2_0KETG37itRHP5Xpzvjgt.pdf,5,Ej_5_I2 2016-2_0KETG37itRHP5Xpzvjgt_Ej5.md,eebe6f247bea036fe25fa1e7e61bb4e8e20cdf9d131f595d993a0639db45233b,2025-12-08T20:22:22.247Z
I2 2016-2_0KETG37itRHP5Xpzvjgt_Ej6,Ejercicio 6,ejercicio,6,"Si cos( xyz ) = 1 +   x 2 y 2   +   z 2 , encuentr...",I2 2016-2_0KETG37itRHP5Xpzvjgt.pdf,exports/downloads/Todos los ramos/I2 2016-2_0KETG37itRHP5Xpzvjgt.pdf,6,Ej_6_I2 2016-2_0KETG37itRHP5Xpzvjgt_Ej6.md,e8c63bc84b630f68329f4b3db08513b16b29056cd4f8387828d6f63e47ccb943,2025-12-08T20:22:22.247Z
I2 2016-2_0KETG37itRHP5Xpzvjgt_Ej7,Ejercicio 7,ejercicio,7,Encuentre y clasifique los puntos cr´ ıticos de   ...,I2 2016-2_0KETG37itRHP5Xpzvjgt.pdf,exports/downloads/Todos los ramos/I2 2016-2_0KETG37itRHP5Xpzvjgt.pdf,7,Ej_7_I2 2016-2_0KETG37itRHP5Xpzvjgt_Ej7.md,d4f8eccb322c8fa5941742e26452f9d8c1f4e6f4c6db44a5f0ebd93eb2d305a7,2025-12-08T20:22:22.248Z
I2 2016-2_0KETG37itRHP5Xpzvjgt_Ej8,Ejercicio 8,ejercicio,8,La intersecci´ on del plano   x   +   y   + 2 z   ...,I2 2016-2_0KETG37itRHP5Xpzvjgt.pdf,exports/downloads/Todos los ramos/I2 2016-2_0KETG37itRHP5Xpzvjgt.pdf,8,Ej_8_I2 2016-2_0KETG37itRHP5Xpzvjgt_Ej8.md,296437894ef7d558ea310df7115f01af43f53705b6e74ac7dadb4a2d9b4239fb,2025-12-08T20:22:22.248Z
I2.pdf_05sFqTVd8gaowoIKiBYN_Ej2,Ejercicio 2,ejercicio,2,Sea   T   :   R 2   →   R 3   una transformaci´ on...,I2.pdf_05sFqTVd8gaowoIKiBYN.pdf,exports/downloads/Todos los ramos/I2.pdf_05sFqTVd8gaowoIKiBYN.pdf,3,Ej_2_I2.pdf_05sFqTVd8gaowoIKiBYN_Ej2.md,3c585650c319ab13733fd1b485ec63c8f78e6cff601cf87ea279fe8b47d49c20,2025-12-08T20:22:22.279Z
I3 - 2013 - 01_0DGEBs9atXH4Fuilt462_Ej1,Ejercicio 1,ejercicio,1,Sean   X   la proporci´ on del volumen de cierta r...,I3 - 2013 - 01_0DGEBs9atXH4Fuilt462.pdf,exports/downloads/Todos los ramos/I3 - 2013 - 01_0DGEBs9atXH4Fuilt462.pdf,1,Ej_1_I3 - 2013 - 01_0DGEBs9atXH4Fuilt462_Ej1.md,624f0a62e0cd8f212c6b919b7af8dbe48b7c102255223a462a6b5576a113c154,2025-12-08T20:22:22.356Z
I3 - 2013 - 01_0DGEBs9atXH4Fuilt462_Ej2,Ejercicio 2,ejercicio,2,En las plantas chancadoras de las faenas mineras s...,I3 - 2013 - 01_0DGEBs9atXH4Fuilt462.pdf,exports/downloads/Todos los ramos/I3 - 2013 - 01_0DGEBs9atXH4Fuilt462.pdf,3,Ej_2_I3 - 2013 - 01_0DGEBs9atXH4Fuilt462_Ej2.md,b37b314140c8cf44f4a10ffb97dcec7544b17ba5270dd2d1cba19cd8b941c152,2025-12-08T20:22:22.357Z
I3 - 2013 - 01_0DGEBs9atXH4Fuilt462_Ej3,Ejercicio 3,ejercicio,3,PARTE I:  Usted desea trasladarse desde el punto A...,I3 - 2013 - 01_0DGEBs9atXH4Fuilt462.pdf,exports/downloads/Todos los ramos/I3 - 2013 - 01_0DGEBs9atXH4Fuilt462.pdf,6,Ej_3_I3 - 2013 - 01_0DGEBs9atXH4Fuilt462_Ej3.md,7c9a7ae09dfa399b4062450bb45918b98d51bd86d45c8e98629c6c457a583b19,2025-12-08T20:22:22.357Z
I3 - 2013 - 01_0DGEBs9atXH4Fuilt462_Ej4,Ejercicio 4,ejercicio,4,Suponga que el tiempo de falla de cierta m´ aquina...,I3 - 2013 - 01_0DGEBs9atXH4Fuilt462.pdf,exports/downloads/Todos los ramos/I3 - 2013 - 01_0DGEBs9atXH4Fuilt462.pdf,9,Ej_4_I3 - 2013 - 01_0DGEBs9atXH4Fuilt462_Ej4.md,ebcba2a5d65a2d603a5ac6261388e24285c7425b07dcd4cc3c7e8de815c8eef0,2025-12-08T20:22:22.357Z
ICH1104_2_12_Pauta_I2_S1y3_07N7vtT0sHLmmi69VgcU_Full,Documento Completo,material,1,--- Page 1 ---   --- Page 2 ---   --- Page 3 ---  ...,ICH1104_2_12_Pauta_I2_S1y3_07N7vtT0sHLmmi69VgcU.pdf,exports/downloads/Todos los ramos/ICH1104_2_12_Pauta_I2_S1y3_07N7vtT0sHLmmi69VgcU.pdf,1,Ej_1_ICH1104_2_12_Pauta_I2_S1y3_07N7vtT0sHLmmi69VgcU_Full.md,ec1b2ff105cb96f572083f1f3911e007f3d6b199e2e599ab5b39f1451651f283,2025-12-08T20:22:22.362Z
ICH2304 2015 2 I3 Pauta_07MeJHoYWtWFlFRTaG82_Full,Documento Completo,material,1,--- Page 1 --- 1  P ONTIFICIA   U NIVERSIDAD   C A...,ICH2304 2015 2 I3 Pauta_07MeJHoYWtWFlFRTaG82.pdf,exports/downloads/Todos los ramos/ICH2304 2015 2 I3 Pauta_07MeJHoYWtWFlFRTaG82.pdf,1,Ej_1_ICH2304 2015 2 I3 Pauta_07MeJHoYWtWFlFRTaG82_Full.md,5526087815830ddb73ed429c6411af92f8aaa9e83979ffc9185ba9a47c176e48,2025-12-08T20:22:22.611Z
ICS 3313-4 Interrogación 01 05.09.17 PAUTA_0NoVXuNTWOBwJ8VAaaXG_Ej6,Ejercicio 6,ejercicio,6,Lo han contratado en un importante estudio de abog...,ICS 3313-4 Interrogación 01 05.09.17 PAUTA_0NoVXuNTWOBwJ8VAaaXG.pdf,exports/downloads/Todos los ramos/ICS 3313-4 Interrogación 01 05.09.17 PAUTA_0NoVXuNTWOBwJ8VAaaXG.pdf,3,Ej_6_ICS 3313-4 Interrogación 01 05.09.17 PAUTA_0NoVXuNTWOBwJ8VAaaXG_Ej6.md,0746b4cd9390dae3a50823ff2d8fce3e585a7f007533a06f1505fcbf5354f86c,2025-12-08T20:22:22.636Z
ICS 3313-4 Interrogación 01 05.09.17 PAUTA_0NoVXuNTWOBwJ8VAaaXG_Ej8,Ejercicio 8,ejercicio,8,Aplique la teoría de motivación de Freud a la hora...,ICS 3313-4 Interrogación 01 05.09.17 PAUTA_0NoVXuNTWOBwJ8VAaaXG.pdf,exports/downloads/Todos los ramos/ICS 3313-4 Interrogación 01 05.09.17 PAUTA_0NoVXuNTWOBwJ8VAaaXG.pdf,4,Ej_8_ICS 3313-4 Interrogación 01 05.09.17 PAUTA_0NoVXuNTWOBwJ8VAaaXG_Ej8.md,c585eddf2b4fcdddecfde0c51fdcf0ee34db0040761c6c98f7039411407f3f98,2025-12-08T20:22:22.636Z
PUC ICM 1002 - Clase 06_0Btql8TzlibWz8uA3LWn_Full,Documento Completo,material,1,--- Page 1 --- José Ignacio Vergara   -   UC   1  ...,PUC ICM 1002 - Clase 06_0Btql8TzlibWz8uA3LWn.pdf,exports/downloads/Todos los ramos/PUC ICM 1002 - Clase 06_0Btql8TzlibWz8uA3LWn.pdf,1,Ej_1_PUC ICM 1002 - Clase 06_0Btql8TzlibWz8uA3LWn_Full.md,0b1f8c5bb55003819d34faffbb762c108b8c2842fe24f93cbd6672a0de4f35d0,2025-12-08T20:22:22.831Z
Pauta Control 4_07ICw1vn71IDSpxyOR9i_Full,Documento Completo,material,1,--- Page 1 --- CONTABILIDAD20191   05/23/2019  Con...,Pauta Control 4_07ICw1vn71IDSpxyOR9i.pdf,exports/downloads/Todos los ramos/Pauta Control 4_07ICw1vn71IDSpxyOR9i.pdf,1,Ej_1_Pauta Control 4_07ICw1vn71IDSpxyOR9i_Full.md,c3f88a8f817091330834cb1faa0a848ae823294d4f54ad2255e760ac2ef3a6d8,2025-12-08T20:22:22.870Z
Pauta I3_s3_0EoOJ8RoleAuWkB9dKSq_Full,Documento Completo,material,1,--- Page 1 ---   --- Page 2 ---   --- Page 3 ---  ...,Pauta I3_s3_0EoOJ8RoleAuWkB9dKSq.pdf,exports/downloads/Todos los ramos/Pauta I3_s3_0EoOJ8RoleAuWkB9dKSq.pdf,1,Ej_1_Pauta I3_s3_0EoOJ8RoleAuWkB9dKSq_Full.md,acddb6cad4c85c44058a4f16d5c80429eb1ada5997a577d92685bdba1ece6b74,2025-12-08T20:22:22.881Z
Plantilla Ayudantias_8rnZ5Ii1x29TaERxnNac_Ej1,Ejercicio 1,ejercicio,1,"Lorem ipsum dolor sit amet, consectetuer adipiscin...",Plantilla Ayudantias_8rnZ5Ii1x29TaERxnNac.pdf,exports/downloads/Todos los ramos/Plantilla Ayudantias_8rnZ5Ii1x29TaERxnNac.pdf,1,Ej_1_Plantilla Ayudantias_8rnZ5Ii1x29TaERxnNac_Ej1.md,731e64a81f633a316c728a7c433d943ec50fa3857d8226370b507794370b69d5,2025-12-08T20:22:22.900Z
Plantilla Ayudantias_8rnZ5Ii1x29TaERxnNac_Ej3,Ejercicio 3,ejercicio,3,00-00-0000   AAA0000 – Ayudant´ ıa 00   P´ agina 1...,Plantilla Ayudantias_8rnZ5Ii1x29TaERxnNac.pdf,exports/downloads/Todos los ramos/Plantilla Ayudantias_8rnZ5Ii1x29TaERxnNac.pdf,1,Ej_3_Plantilla Ayudantias_8rnZ5Ii1x29TaERxnNac_Ej3.md,a2f0fcb835d55de9a60fd6a6b5928fb36ea4e5d44101abe02872d5b55e5ddfad,2025-12-08T20:22:22.900Z
Plantilla Informes 1_q5x4qVrtLrs2SAeuWejk_Full,Documento Completo,material,1,--- Page 1 --- PONTIFICIA UNIVERSIDAD CATÓLICA DE ...,Plantilla Informes 1_q5x4qVrtLrs2SAeuWejk.pdf,exports/downloads/Todos los ramos/Plantilla Informes 1_q5x4qVrtLrs2SAeuWejk.pdf,1,Ej_1_Plantilla Informes 1_q5x4qVrtLrs2SAeuWejk_Full.md,6eef41b58cd4db69b7b08cf61e028beb149cf3fe8d2e95d7048d7fb8d8a7cba7,2025-12-08T20:22:22.920Z
Plantilla Practica 1_Zu0GHuvPqedzv9XtyEQx_Ej1,Ejercicio 1,ejercicio,1,TUTORIAL: Imágenes 1.1.   Imagen centrada  En esta...,Plantilla Practica 1_Zu0GHuvPqedzv9XtyEQx.pdf,exports/downloads/Todos los ramos/Plantilla Practica 1_Zu0GHuvPqedzv9XtyEQx.pdf,6,Ej_1_Plantilla Practica 1_Zu0GHuvPqedzv9XtyEQx_Ej1.md,17f56d207d95a82d09a14cafd3acb6b61745174464a40abcdef5538a53847277,2025-12-08T20:22:22.946Z
Plantilla Practica 1_Zu0GHuvPqedzv9XtyEQx_Ej2,Ejercicio 2,ejercicio,2,TUTORIAL: Tablas  Hacer tablas en L A T E Xes muy ...,Plantilla Practica 1_Zu0GHuvPqedzv9XtyEQx.pdf,exports/downloads/Todos los ramos/Plantilla Practica 1_Zu0GHuvPqedzv9XtyEQx.pdf,7,Ej_2_Plantilla Practica 1_Zu0GHuvPqedzv9XtyEQx_Ej2.md,2be181522d52e8e25a6686eb0cb915bb34f1223865a3bf1b6fe6c95991233b86,2025-12-08T20:22:22.946Z
Plantilla Practica 1_Zu0GHuvPqedzv9XtyEQx_Ej3,Ejercicio 3,ejercicio,3,TUTORIAL: Citación  Para citación extensa en forma...,Plantilla Practica 1_Zu0GHuvPqedzv9XtyEQx.pdf,exports/downloads/Todos los ramos/Plantilla Practica 1_Zu0GHuvPqedzv9XtyEQx.pdf,9,Ej_3_Plantilla Practica 1_Zu0GHuvPqedzv9XtyEQx_Ej3.md,cea48c26bd082587a0befbfa15bb22d538ff1c5ce44df9144d5954fb6e6bac84,2025-12-08T20:22:22.947Z
Plantilla Practica 1_Zu0GHuvPqedzv9XtyEQx_Ej5,Ejercicio 5,ejercicio,5,Descripción general y estructura de la empresa 5.1...,Plantilla Practica 1_Zu0GHuvPqedzv9XtyEQx.pdf,exports/downloads/Todos los ramos/Plantilla Practica 1_Zu0GHuvPqedzv9XtyEQx.pdf,12,Ej_5_Plantilla Practica 1_Zu0GHuvPqedzv9XtyEQx_Ej5.md,6e4866ce1dfc7db04c990b7963b8887b7731396f6a6659057fea1593f82370cd,2025-12-08T20:22:22.947Z
Plantilla Practica 1_Zu0GHuvPqedzv9XtyEQx_Ej12,Ejercicio 12,ejercicio,12,Referencias bibliográficas  12...,Plantilla Practica 1_Zu0GHuvPqedzv9XtyEQx.pdf,exports/downloads/Todos los ramos/Plantilla Practica 1_Zu0GHuvPqedzv9XtyEQx.pdf,13,Ej_12_Plantilla Practica 1_Zu0GHuvPqedzv9XtyEQx_Ej12.md,474f9e4b1a8f9edf23e1377f0d1fb7ade8b99ee9db54b133abab8f456adab888,2025-12-08T20:22:22.947Z
Plantilla Programa de Cursos_l8Xx4WAlT7WL904Zd1xY_Full,Documento Completo,material,1,--- Page 1 --- Programa del Curso ICS1513 - Introd...,Plantilla Programa de Cursos_l8Xx4WAlT7WL904Zd1xY.pdf,exports/downloads/Todos los ramos/Plantilla Programa de Cursos_l8Xx4WAlT7WL904Zd1xY.pdf,1,Ej_1_Plantilla Programa de Cursos_l8Xx4WAlT7WL904Zd1xY_Full.md,59e60ca209aba74d2d3a6f1b8c542c1a7e4b80349239d2d32985466ce5f6f96d,2025-12-08T20:22:22.955Z
Plantilla Práctica 2_oKxyf0Ye9jqtWw2V94ku_Full,Documento Completo,material,1,--- Page 1 --- PONTIFICIA UNIVERSIDAD CATOLICA DE ...,Plantilla Práctica 2_oKxyf0Ye9jqtWw2V94ku.pdf,exports/downloads/Todos los ramos/Plantilla Práctica 2_oKxyf0Ye9jqtWw2V94ku.pdf,1,Ej_1_Plantilla Práctica 2_oKxyf0Ye9jqtWw2V94ku_Full.md,3e81a2934537f2af036a8ec6d02039746529d9a2ff4bb936ba43d48fb529ccae,2025-12-08T20:22:22.977Z
Plantilla Thesis_UtYB0jGNMKC82q4uLiJP_Full,Documento Completo,material,1,--- Page 1 ---   --- Page 2 --- PONTIFICIA UNIVERS...,Plantilla Thesis_UtYB0jGNMKC82q4uLiJP.pdf,exports/downloads/Todos los ramos/Plantilla Thesis_UtYB0jGNMKC82q4uLiJP.pdf,1,Ej_1_Plantilla Thesis_UtYB0jGNMKC82q4uLiJP_Full.md,d461012a989ddc3af7c0eb9b4120439d9fd11cdc913a5cfc3156c7b36a71e31c,2025-12-08T20:22:22.994Z
Plantilla Trabajo de Título_ZN5tWrKMvDLEae3oAmas_Full,Documento Completo,material,1,--- Page 1 --- PONTIFICIA UNIVERSIDAD CATÓLICA DE ...,Plantilla Trabajo de Título_ZN5tWrKMvDLEae3oAmas.pdf,exports/downloads/Todos los ramos/Plantilla Trabajo de Título_ZN5tWrKMvDLEae3oAmas.pdf,1,Ej_1_Plantilla Trabajo de Título_ZN5tWrKMvDLEae3oAmas_Full.md,59c54365482819e22227c78603b03276d50d7d1660f7bba28842955a32681468,2025-12-08T20:22:23.006Z
Plantilla general UC_FFzSQVXnOHu291jblskh_Full,Documento Completo,material,1,--- Page 1 --- PONTIFICIA UNIVERSIDAD CAT  ´ OLICA...,Plantilla general UC_FFzSQVXnOHu291jblskh.pdf,exports/downloads/Todos los ramos/Plantilla general UC_FFzSQVXnOHu291jblskh.pdf,1,Ej_1_Plantilla general UC_FFzSQVXnOHu291jblskh_Full.md,6a9952aa8dae8abac56ed6ebb037ff919e8c2f706a44ff3d2079f4c17776d77e,2025-12-08T20:22:23.029Z
Plantillas Informes 2_vxWNDquwiibJgxRE2Jni_Full,Documento Completo,material,1,--- Page 1 --- Informe de Laboratorio An´ alisis d...,Plantillas Informes 2_vxWNDquwiibJgxRE2Jni.pdf,exports/downloads/Todos los ramos/Plantillas Informes 2_vxWNDquwiibJgxRE2Jni.pdf,1,Ej_1_Plantillas Informes 2_vxWNDquwiibJgxRE2Jni_Full.md,c2d2e07f132767adab952ac9e4c749dc86ccf2aac0e3d6787281ffd8806fe9e9,2025-12-08T20:22:23.042Z
Prueba 1 [P] [P2].pdf_0CT2D5gOdFqv5TLcFhjC_Full,Documento Completo,material,1,--- Page 1 --- Macroeconomía II  Prueba 1  Profeso...,Prueba 1 [P] [P2].pdf_0CT2D5gOdFqv5TLcFhjC.pdf,exports/downloads/Todos los ramos/Prueba 1 [P] [P2].pdf_0CT2D5gOdFqv5TLcFhjC.pdf,1,Ej_1_Prueba 1 [P] [P2].pdf_0CT2D5gOdFqv5TLcFhjC_Full.md,e209679af6ca6aa827a63356044ea11cb753c86ffde0a43854bf29f0e0744add,2025-12-08T20:22:23.371Z
Prueba 2 [S].pdf_07Qg6Z4AmgR5TcUKDmn3_Full,Documento Completo,material,1,--- Page 1 --- NOMBRE :  PONTIFICIA UNIVERSIDAD CA...,Prueba 2 [S].pdf_07Qg6Z4AmgR5TcUKDmn3.pdf,exports/downloads/Todos los ramos/Prueba 2 [S].pdf_07Qg6Z4AmgR5TcUKDmn3.pdf,1,Ej_1_Prueba 2 [S].pdf_07Qg6Z4AmgR5TcUKDmn3_Full.md,a53b484dab3e5c67032bddb66fb76f7e9091ee2ea260908598e45ffda5e1767f,2025-12-08T20:22:23.469Z
Prueba 2.pdf_0IKHRIi35DiN7wkgdsfW_Full,Documento Completo,material,1,--- Page 1 --- 1  PONTIFICIA UNIVERSIDAD CATÓLICA ...,Prueba 2.pdf_0IKHRIi35DiN7wkgdsfW.pdf,exports/downloads/Todos los ramos/Prueba 2.pdf_0IKHRIi35DiN7wkgdsfW.pdf,1,Ej_1_Prueba 2.pdf_0IKHRIi35DiN7wkgdsfW_Full.md,8d534733c9cd0950342dab3b19931293a63eb78da5cc4543e87d564028d061b1,2025-12-08T20:22:23.713Z
Resumen ICS1113_03IxuxktxBGB30uecftE_Full,Documento Completo,material,1,--- Page 1 --- Resumen Optimización  ICS1113 - Pro...,Resumen ICS1113_03IxuxktxBGB30uecftE.pdf,exports/downloads/Todos los ramos/Resumen ICS1113_03IxuxktxBGB30uecftE.pdf,1,Ej_1_Resumen ICS1113_03IxuxktxBGB30uecftE_Full.md,7288400508a4c5d20ede8fcee36433c5efbdbf9f53f299b4977cf35d1ec882a6,2025-12-08T20:22:24.165Z
Tarea 1 2017_05OSgVHa1clY9NEw5Zxd_Full,Documento Completo,material,1,--- Page 1 --- PONTIFICIA UNIVERSIDAD CATOLICA DE ...,Tarea 1 2017_05OSgVHa1clY9NEw5Zxd.pdf,exports/downloads/Todos los ramos/Tarea 1 2017_05OSgVHa1clY9NEw5Zxd.pdf,1,Ej_1_Tarea 1 2017_05OSgVHa1clY9NEw5Zxd_Full.md,2072df3821464c7b3f365c3420846c6e816e5e951eb00a2283aed65dc79a4dfd,2025-12-08T20:22:24.290Z
fe-handbook-10-1 (2)_0DIjnrQT6k3nouisWcve_Full,Documento Completo,material,1,--- Page 1 --- FE Reference Handbook 10.1  This do...,fe-handbook-10-1 (2)_0DIjnrQT6k3nouisWcve.pdf,exports/downloads/Todos los ramos/fe-handbook-10-1 (2)_0DIjnrQT6k3nouisWcve.pdf,1,Ej_1_fe-handbook-10-1 (2)_0DIjnrQT6k3nouisWcve_Full.md,6e0fa47eb968bb1712ed441191f7b0965459e9195134fe6e1e3b71bbba55bf7d,2025-12-08T20:22:29.512Z
